incident_id,device,device_type,temperature,voltage,current,symptoms,sensor_status,communication_status,root_cause,fix_applied,outcome,data_status
INC-001,IoT Controller X12,Embedded Controller,87,12.8,2.4,High temperature; irregular sensor readings,Intermittent,Stable,Regulator overheating,Replace regulator after confirming thermal damage,Successful,Synthetic example; not a verified field incident
INC-002,IoT Controller X18,Embedded Controller,82,12.1,1.9,Warms up and restarts under sustained load,Normal,Stable,Insufficient heat dissipation,Improve airflow and verify heatsink contact,Successful,Synthetic example; not a verified field incident
INC-003,Industrial Node A3,Industrial IoT Node,79,12.0,2.1,Temperature rises during long operation; intermittent readings,Intermittent,Stable,Blocked ventilation path,Clear vents and validate operating temperature,Successful,Synthetic example; not a verified field incident
INC-004,Gateway G2,IoT Gateway,91,5.0,1.6,Hot enclosure and periodic communication dropouts,Normal,Unstable,Overheating affecting system stability,Check enclosure airflow and thermal design,Successful,Synthetic example; not a verified field incident
INC-005,Sensor Hub S5,Sensor Hub,85,3.3,0.8,Elevated board temperature and drifting sensor output,Noisy,Stable,Poor thermal contact near sensor,Inspect mounting and add suitable thermal isolation,Successful,Synthetic example; not a verified field incident
INC-006,Controller C7,Embedded Controller,42,9.1,1.2,Input voltage dips and controller resets,Normal,Stable,Unstable power supply,Test supply under load; replace if out of spec,Successful,Synthetic example; not a verified field incident
INC-007,Telemetry Unit T4,Telemetry Unit,38,12.0,0.7,Voltage varies when actuator starts,Normal,Stable,Supply unable to handle peak load,Verify peak current requirement and use rated supply,Successful,Synthetic example; not a verified field incident
INC-008,Gateway G8,IoT Gateway,46,11.4,1.1,Intermittent resets with low input voltage,Normal,Unstable,Loose power connector,Secure connector and retest voltage,Successful,Synthetic example; not a verified field incident
INC-009,Sensor Node N9,Wireless Sensor Node,35,3.0,0.2,Low voltage alert and intermittent missing sensor values,Intermittent,Stable,Depleted battery pack,Replace battery and verify voltage under load,Successful,Synthetic example; not a verified field incident
INC-010,Control Board B2,Control Board,51,13.6,1.5,Voltage briefly exceeds expected range,Normal,Stable,Incorrect adapter output,Use a correctly rated power adapter,Successful,Synthetic example; not a verified field incident
INC-011,Edge Unit E1,Edge Device,29,0.0,0.0,Does not power on; no status indicator,Not responding,Disconnected,Failed power adapter,Replace adapter with verified compatible unit,Successful,Synthetic example; not a verified field incident
INC-012,Controller C11,Embedded Controller,33,12.2,0.0,Unexpected shutdown despite stable input voltage,Normal,Stable,Damaged power cable or intermittent contact,Inspect cable continuity and replace if damaged,Successful,Synthetic example; not a verified field incident
INC-013,Remote Node R6,Remote Monitoring Node,31,3.2,0.1,Loses power after running briefly on battery,Normal,Disconnected,Battery connection issue,Check battery holder contacts and secure connection,Successful,Synthetic example; not a verified field incident
INC-014,Gateway G4,IoT Gateway,40,5.0,0.0,Power LED off and unit does not start,Normal,Disconnected,Power input fuse open,Check fuse and investigate cause before replacement,Successful,Synthetic example; not a verified field incident
INC-015,Sensor Hub H3,Sensor Hub,36,12.1,0.3,Shuts down when peripherals are added,Normal,Stable,Overloaded power rail,Measure total load and use a properly rated supply,Successful,Synthetic example; not a verified field incident
INC-016,Environmental Node EN2,Environmental Sensor,27,3.3,0.4,Output remains at zero despite changing environment,Stuck at zero,Stable,Sensor connector not seated,Reconnect sensor and verify readings,Successful,Synthetic example; not a verified field incident
INC-017,Controller C4,Embedded Controller,39,5.0,0.6,Readings jump without corresponding condition change,Erratic,Stable,Sensor element degraded,Compare against reference sensor; replace if confirmed,Successful,Synthetic example; not a verified field incident
INC-018,Water Monitor W7,Water Monitoring Node,30,3.3,0.2,Measurements fluctuate while reference conditions are steady,Noisy,Stable,Electrical noise on sensor line,Inspect wiring and improve grounding/filtering,Successful,Synthetic example; not a verified field incident
INC-019,Air Monitor AM5,Air Quality Monitor,34,5.0,0.5,Sensor is not detected during startup,Not responding,Stable,Incorrect sensor interface configuration,Verify interface settings and pin connections,Successful,Synthetic example; not a verified field incident
INC-020,Telemetry Unit T8,Telemetry Unit,32,3.3,0.3,Sensor values slowly drift after warm-up,Drifting,Stable,Sensor calibration drift,Calibrate against known reference and document offset,Successful,Synthetic example; not a verified field incident
INC-021,Industrial Gateway IG3,Industrial Gateway,44,12.0,1.0,Connection repeatedly drops despite stable power,Normal,Frequent dropouts,Loose communication cable,Reseat cable and inspect connector pins,Successful,Synthetic example; not a verified field incident
INC-022,Remote Node RN4,Remote Monitoring Node,37,3.3,0.3,Data arrives late and link quality is poor,Normal,Weak signal,Antenna placement or obstruction,Check antenna and reposition away from obstructions,Successful,Synthetic example; not a verified field incident
INC-023,Controller C9,Embedded Controller,41,5.0,0.8,Cannot establish serial communication,Normal,No connection,Incorrect baud rate or port settings,Verify communication parameters at both endpoints,Successful,Synthetic example; not a verified field incident
INC-024,Gateway G10,IoT Gateway,48,12.1,1.4,Messages occasionally lost during busy periods,Normal,Intermittent packet loss,Network congestion or interference,Review network utilization and test a less congested channel,Successful,Synthetic example; not a verified field incident
INC-025,Sensor Hub SH8,Sensor Hub,35,5.0,0.6,Sends data but does not receive acknowledgements,Normal,One-way communication,Protocol or addressing mismatch,"Check protocol version, address and endpoint configuration",Successful,Synthetic example; not a verified field incident
